{
  "accuracy": [
    0.9944000244140625,
    0.9955999851226807,
    0.995199978351593,
    0.995199978351593,
    0.995199978351593,
    0.9940000176429749
  ],
  "loss": [
    0.019944585859775543,
    0.01987106166779995,
    0.014168020337820053,
    0.01523091271519661,
    0.015107743442058563,
    0.014062333852052689
  ],
  "val_accuracy": [
    0.9186256527900696,
    0.9240506291389465,
    0.9168173670768738,
    0.9204339981079102,
    0.9240506291389465,
    0.9222423434257507
  ],
  "val_loss": [
    0.28775063157081604,
    0.29825878143310547,
    0.30742985010147095,
    0.315934956073761,
    0.3121750056743622,
    0.3028692305088043
  ],
  "learning_rate": [
    9.999999747378752e-06,
    9.999999747378752e-06,
    9.999999747378752e-06,
    4.999999873689376e-06,
    4.999999873689376e-06,
    2.499999936844688e-06
  ]
}