{
  "accuracy": [
    0.9883999824523926,
    0.9932000041007996,
    0.995199978351593,
    0.9908000230789185,
    0.9947999715805054,
    0.9919999837875366
  ],
  "loss": [
    0.041934579610824585,
    0.02166532725095749,
    0.014327194541692734,
    0.026881271973252296,
    0.015538711100816727,
    0.019899936392903328
  ],
  "val_accuracy": [
    0.9168173670768738,
    0.9132007360458374,
    0.9150090217590332,
    0.9150090217590332,
    0.9150090217590332,
    0.9150090217590332
  ],
  "val_loss": [
    0.22268643975257874,
    0.2349601835012436,
    0.2382800430059433,
    0.24157387018203735,
    0.24088220298290253,
    0.23559263348579407
  ],
  "learning_rate": [
    9.999999747378752e-06,
    9.999999747378752e-06,
    9.999999747378752e-06,
    4.999999873689376e-06,
    4.999999873689376e-06,
    2.499999936844688e-06
  ]
}