epoch,accuracy,learning_rate,loss,val_accuracy,val_loss
0,0.9944000244140625,9.999999747378752e-06,0.019944585859775543,0.9186256527900696,0.28775063157081604
1,0.9955999851226807,9.999999747378752e-06,0.01987106166779995,0.9240506291389465,0.29825878143310547
2,0.995199978351593,9.999999747378752e-06,0.014168020337820053,0.9168173670768738,0.30742985010147095
3,0.995199978351593,4.999999873689376e-06,0.01523091271519661,0.9204339981079102,0.315934956073761
4,0.995199978351593,4.999999873689376e-06,0.015107743442058563,0.9240506291389465,0.3121750056743622
5,0.9940000176429749,2.499999936844688e-06,0.014062333852052689,0.9222423434257507,0.3028692305088043
